{
  "train_loss": [
    0.4015680125781468,
    0.2877353493656431,
    0.29276224970817566,
    0.24810561857053212,
    0.2663754607949938,
    0.24738987535238266,
    0.19328369892069272,
    0.1612341462501458,
    0.17278735446078436,
    0.18404709068792208,
    0.15966653571064984,
    0.16883040804948127,
    0.13847191325787986,
    0.1562580359833581,
    0.18354950579149382,
    0.15397233303104127,
    0.11089816423399108,
    0.10453183097498757,
    0.11658348196319171,
    0.08040997944772243,
    0.11334797793201037,
    0.09373032354882785,
    0.08242927810975484,
    0.09816254994698934,
    0.12184550080980573,
    0.11059137846210174,
    0.10954655853233167,
    0.10396589285561017,
    0.09800623171031475,
    0.07341402183685984
  ],
  "train_acc": [
    85.54502369668246,
    90.04739336492891,
    90.63981042654028,
    90.99526066350711,
    91.11374407582939,
    91.70616113744076,
    92.53554502369668,
    94.43127962085308,
    94.19431279620854,
    93.95734597156398,
    94.54976303317535,
    93.8388625592417,
    95.49763033175356,
    94.19431279620854,
    95.14218009478672,
    96.09004739336493,
    96.32701421800948,
    96.80094786729858,
    95.73459715639811,
    96.91943127962085,
    95.97156398104265,
    97.27488151658768,
    96.91943127962085,
    97.6303317535545,
    96.6824644549763,
    95.97156398104265,
    97.1563981042654,
    96.80094786729858,
    96.6824644549763,
    98.22274881516587
  ],
  "val_loss": [
    0.03144925553351641,
    0.0286622562756141,
    0.02275621487448613,
    0.02559109963476658,
    0.02258535133053859,
    0.03295050258748233,
    0.026991101913154125,
    0.025086234634121258,
    0.02209101749273638,
    0.016221739972631138,
    0.01787697966210544,
    0.023001701881488163,
    0.011545510884995261,
    0.006265786825679243,
    0.004789816720100741,
    0.003544038084025184,
    0.0026015805390973887,
    0.0023464561672881246,
    0.0027694194965685406,
    0.002159739669878036,
    0.0018079173169098794,
    0.003990471256353582,
    0.008713898811644563,
    0.01412812786293216,
    0.027008840804531548,
    0.02639851437803979,
    0.023978119910073776,
    0.013209264143370092,
    0.01508233736967668,
    0.011976498867928361
  ],
  "val_acc": [
    99.40119760479043,
    99.40119760479043,
    99.40119760479043,
    99.40119760479043,
    99.40119760479043,
    98.80239520958084,
    98.20359281437126,
    98.80239520958084,
    98.80239520958084,
    99.40119760479043,
    99.40119760479043,
    98.80239520958084,
    99.40119760479043,
    100.0,
    100.0,
    100.0,
    100.0,
    100.0,
    100.0,
    100.0,
    100.0,
    100.0,
    100.0,
    98.80239520958084,
    98.80239520958084,
    98.80239520958084,
    98.80239520958084,
    99.40119760479043,
    99.40119760479043,
    99.40119760479043
  ],
  "learning_rate": [
    0.0001,
    0.0001,
    0.0001,
    0.0001,
    0.0001,
    0.0001,
    0.0001,
    0.0001,
    0.0001,
    0.0001,
    0.0001,
    0.0001,
    0.0001,
    0.0001,
    0.0001,
    0.0001,
    0.0001,
    0.0001,
    0.0001,
    0.0001,
    0.0001,
    0.0001,
    0.0001,
    0.0001,
    0.0001,
    0.0001,
    0.0001,
    0.0001,
    5e-05,
    5e-05
  ]
}