{
  "train_loss": [
    0.5132957313139483,
    0.3861483924512593,
    0.322798088368661,
    0.3110200287598484,
    0.23594620644624503,
    0.3053697459575421,
    0.2462552217239479,
    0.24788427792208376,
    0.17682673753994815,
    0.19393596749858194,
    0.21091409605699327,
    0.21741353994551696,
    0.20129587500408855,
    0.17444318109455537,
    0.1449628966983478,
    0.19878915226403274,
    0.16706178653633819,
    0.1241740366918439,
    0.14837192951367711,
    0.14054709902244075,
    0.1436699161499317,
    0.11407906862573242,
    0.13684793314808663,
    0.12359304350519658,
    0.15150084134788727,
    0.12563767310513077,
    0.1346023261573447,
    0.12752220085558463,
    0.09789566487021181,
    0.13176811887786002
  ],
  "train_acc": [
    82.1090047393365,
    86.61137440758294,
    88.98104265402844,
    88.86255924170617,
    90.52132701421802,
    89.81042654028435,
    92.53554502369668,
    91.58767772511848,
    93.72037914691943,
    92.8909952606635,
    93.8388625592417,
    92.53554502369668,
    93.60189573459715,
    93.95734597156398,
    95.37914691943128,
    93.95734597156398,
    94.31279620853081,
    95.85308056872037,
    94.90521327014218,
    95.02369668246446,
    94.7867298578199,
    96.09004739336493,
    95.49763033175356,
    95.97156398104265,
    94.90521327014218,
    95.73459715639811,
    95.85308056872037,
    95.97156398104265,
    96.6824644549763,
    95.260663507109
  ],
  "val_loss": [
    0.057435649187854404,
    0.029914347983404612,
    0.029868528581904353,
    0.03221024337339755,
    0.012741824162234976,
    0.014437901081691962,
    0.01587104865029687,
    0.01378555396645838,
    0.01036298685424051,
    0.005866758133792741,
    0.006910838226427917,
    0.009702147204238414,
    0.005229980692754246,
    0.0030038577745224097,
    0.003148433480501725,
    0.0031400888110511005,
    0.0023337205860695,
    0.0038701617853472603,
    0.006963190053118689,
    0.0033153221659383485,
    0.002528527139227001,
    0.002444593533833871,
    0.004093774189393364,
    0.0021856973666713616,
    0.002187787247748929,
    0.0017923409676851325,
    0.0037363509826801337,
    0.0013045719656061424,
    0.000946400149752497,
    0.00029961510724454206
  ],
  "val_acc": [
    98.20359281437126,
    98.80239520958084,
    98.20359281437126,
    98.80239520958084,
    100.0,
    99.40119760479043,
    98.80239520958084,
    99.40119760479043,
    100.0,
    100.0,
    100.0,
    99.40119760479043,
    100.0,
    100.0,
    100.0,
    100.0,
    100.0,
    100.0,
    100.0,
    100.0,
    100.0,
    100.0,
    100.0,
    100.0,
    100.0,
    100.0,
    100.0,
    100.0,
    100.0,
    100.0
  ],
  "learning_rate": [
    0.0001,
    0.0001,
    0.0001,
    0.0001,
    0.0001,
    0.0001,
    0.0001,
    0.0001,
    0.0001,
    0.0001,
    0.0001,
    0.0001,
    0.0001,
    0.0001,
    0.0001,
    0.0001,
    0.0001,
    0.0001,
    0.0001,
    0.0001,
    0.0001,
    0.0001,
    0.0001,
    0.0001,
    0.0001,
    0.0001,
    0.0001,
    0.0001,
    0.0001,
    0.0001
  ]
}